{
    "loss": 1.0786229372024536,
    "accuracy": 0.8958389163017273
}